<?xml version="1.0" encoding="UTF-8"?>
<items>
  <item>
    <doj>1963</doj>
    <gender>MALE</gender>
    <name>Henry Jonathan "Hank" Pym</name>
    <notes>Merged with Ultron in Rage of Ultron Vol. 1. A funeral was held.</notes>
  </item>
  <item>
    <doj>1963</doj>
    <gender>FEMALE</gender>
    <name>Janet van Dyne</name>
    <notes>Dies in Secret Invasion V1:I8. Actually was sent tto Microverse later recovered</notes>
  </item>
  <item>
    <doj>1963</doj>
    <gender>MALE</gender>
    <name>Anthony Edward "Tony" Stark</name>
    <notes>Death: "Later while under the influence of Immortus Stark committed a number of horrible
      acts and was killed.' This set up young Tony. Franklin Richards later brought him back
    </notes>
  </item>
  <item>
    <doj>1963</doj>
    <gender>MALE</gender>
    <name>Robert Bruce Banner</name>
    <notes>Dies in Ghosts of the Future arc. However "he had actually used a hidden Pantheon base to
      survive"
    </notes>
  </item>
  <item>
    <doj>1963</doj>
    <gender>MALE</gender>
    <name>Thor Odinson</name>
    <notes>Dies in Fear Itself brought back because that's kind of the whole point. Second death in
      Time Runs Out has not yet returned
    </notes>
  </item>
  <item>
    <doj>1963</doj>
    <gender>MALE</gender>
    <name>Richard Milhouse Jones</name>
    <notes>NA</notes>
  </item>
  <item>
    <doj>1964</doj>
    <gender>MALE</gender>
    <name>Steven Rogers</name>
    <notes>Dies at the end of Civil War. Later comes back.</notes>
  </item>
  <item>
    <doj>1965</doj>
    <gender>MALE</gender>
    <name>Clinton Francis Barton</name>
    <notes>Dies in exploding Kree ship in Averngers Vol. 1 Issue 502. Brought back by Scarlet Witch.
      Dies again in House of M Vol 1 Issue 7. Is later brought back.
    </notes>
  </item>
  <item>
    <doj>1965</doj>
    <gender>MALE</gender>
    <name>Pietro Maximoff</name>
    <notes>Dies in House of M Vol 1 Issue 7. Later comes back</notes>
  </item>
  <item>
    <doj>1965</doj>
    <gender>FEMALE</gender>
    <name>Wanda Maximoff</name>
    <notes>Dies in Uncanny_Avengers_Vol_1_14. Later comes back</notes>
  </item>
  <item>
    <doj>1965</doj>
    <gender>MALE</gender>
    <name>Jacques Duquesne</name>
    <notes>Dies in Avengers_Vol_1_130. Brought back by the Chaos King</notes>
  </item>
  <item>
    <doj>1967</doj>
    <gender>MALE</gender>
    <name>Heracles</name>
    <notes>NA</notes>
  </item>
  <item>
    <doj>1968</doj>
    <gender>MALE</gender>
    <name>T'Challa</name>
    <notes>NA</notes>
  </item>
  <item>
    <doj>1968</doj>
    <gender>MALE</gender>
    <name>Victor Shade (alias)</name>
    <notes>Dies in Avengers_Vol_1_500. Is eventually rebuilt.</notes>
  </item>
  <item>
    <doj>1969</doj>
    <gender>MALE</gender>
    <name>Dane Whitman</name>
    <notes>NA</notes>
  </item>
  <item>
    <doj>1973</doj>
    <gender>FEMALE</gender>
    <name>Natalia Alianovna Romanova</name>
    <notes>Killed by The Hand. Later revived with The Stone of the Chaste.</notes>
  </item>
  <item>
    <doj>1973</doj>
    <gender>FEMALE</gender>
    <name>Brandt</name>
    <notes>Dies in Silver_Surfer_Vol_3_3. Actually "fragments of her essence were spread out all
      across the universe"
    </notes>
  </item>
  <item>
    <doj>1976</doj>
    <gender>MALE</gender>
    <name>Henry P. McCoy</name>
    <notes>NA</notes>
  </item>
  <item>
    <doj>1976</doj>
    <gender>FEMALE</gender>
    <name>Heather Douglas</name>
    <notes>Dies in Defenders_Vol_1_152. Later 'Obtained a new body.' Dies in
      Annihilation:_Conquest_Vol_1_3. Comes back as "As before" also was once named Madame MacEvil
      because LOL.
    </notes>
  </item>
  <item>
    <doj>1976</doj>
    <gender>FEMALE</gender>
    <name>Patsy Walker</name>
    <notes>Died during time on Defenders. Eventually ressurected by villian Grim Reaper along with
      Mockingbird to fight the Avengers.
    </notes>
  </item>
  <item>
    <doj>1975</doj>
    <gender>MALE</gender>
    <name>Matthew Liebowitz (birth name)</name>
    <notes>Died during Return_to_the_Old_West. Resurrected by She Hulk in negotiation with Time
      Variance Authority. As a time traveller he died in 1938. Did not return
    </notes>
  </item>
  <item>
    <doj>1978</doj>
    <gender>MALE</gender>
    <name>Robert L. Frank Sr.</name>
    <notes>Died in Vision_and_the_Scarlet_Witch_Vol_1_2. Did not return however he was eventually
      cloned but the clone was killed immediately.
    </notes>
  </item>
  <item>
    <doj>1979</doj>
    <gender>MALE</gender>
    <name>Simon Williams</name>
    <notes>Died in Avengers_Vol_1_9. Actually just in a death-like coma.</notes>
  </item>
  <item>
    <doj>1978</doj>
    <gender>MALE</gender>
    <name>Yondu Udonta</name>
    <notes>NA</notes>
  </item>
  <item>
    <doj>1978</doj>
    <gender>MALE</gender>
    <name>Martinex T'Naga</name>
    <notes>NA</notes>
  </item>
  <item>
    <doj>1978</doj>
    <gender>MALE</gender>
    <name>Charlie-27</name>
    <notes>NA</notes>
  </item>
  <item>
    <doj>1978</doj>
    <gender>FEMALE</gender>
    <name>Nicholette Gold</name>
    <notes>NA</notes>
  </item>
  <item>
    <doj>1978</doj>
    <gender>MALE</gender>
    <name>Stakar</name>
    <notes>NA</notes>
  </item>
  <item>
    <doj>1978</doj>
    <gender>MALE</gender>
    <name>Vance Astrovik</name>
    <notes>NA</notes>
  </item>
  <item>
    <doj>1978</doj>
    <gender>MALE</gender>
    <name>Mar-Vell</name>
    <notes>The bad penny of the Marvel universe. First killed in Secret invasion. Revived during the
      Chaos war. Died again during aformentioned chaos war. Resurrected by the Kree Empire using
      the�M'Kraan Crystal. Third death during Avengers vs. X-Men. Has not return
    </notes>
  </item>
  <item>
    <doj>1979</doj>
    <gender>FEMALE</gender>
    <name>Carol Susan Jane Danvers</name>
    <notes>NA</notes>
  </item>
  <item>
    <doj>1979</doj>
    <gender>MALE</gender>
    <name>Samuel Thomas Wilson</name>
    <notes>NA</notes>
  </item>
  <item>
    <doj>1988</doj>
    <gender>FEMALE</gender>
    <name>Jocasta</name>
    <notes>From her article: Death1: "Defeated Ultron and reversed the process leaving Jocasta a
      mindless husk." Return 1: "Ultron later revived Jocasta with a remote link activating the
      mental residue the Wasp left behind" Death 2: "Sacrificing herself to try to ki
    </notes>
  </item>
  <item>
    <doj>1981</doj>
    <gender>FEMALE</gender>
    <name>Greer Grant Nelson</name>
    <notes>NA</notes>
  </item>
  <item>
    <doj>1982</doj>
    <gender>FEMALE</gender>
    <name>Jennifer Walters</name>
    <notes>Dies during Red Hulk Saga. Returns when Lyra infiltrates Intelligenica and finds her in
      statis
    </notes>
  </item>
  <item>
    <doj>1983</doj>
    <gender>FEMALE</gender>
    <name>Monica Rambeau</name>
    <notes>NA</notes>
  </item>
  <item>
    <doj>1984</doj>
    <gender>MALE</gender>
    <name>Eros</name>
    <notes>NA</notes>
  </item>
  <item>
    <doj>1984</doj>
    <gender>MALE</gender>
    <name>James R. Rhodes</name>
    <notes>NA</notes>
  </item>
  <item>
    <doj>1984</doj>
    <gender>FEMALE</gender>
    <name>Barbara Barton (nee Morse)</name>
    <notes>Killed by Mephisto. After Secret Invasion it turns out she was actually being
      impersonated by a Skrull the whole time and was alive and well.
    </notes>
  </item>
  <item>
    <doj>1993</doj>
    <gender>FEMALE</gender>
    <name>Moira Brandon</name>
    <notes>Died in her second appearance earns honorary Avengers status doing so. Stays dead.
    </notes>
  </item>
  <item>
    <doj>1986</doj>
    <gender>MALE</gender>
    <name>Benjamin Jacob Grimm</name>
    <notes>Once killed during a battle with Doctor Doom.' Brought back by the FF when they literally
      went to Heaven to get him.
    </notes>
  </item>
  <item>
    <doj>1987</doj>
    <gender>FEMALE</gender>
    <name>Bonita Juarez</name>
    <notes>NA</notes>
  </item>
  <item>
    <doj>1988</doj>
    <gender>MALE</gender>
    <name>Marc Spector</name>
    <notes>NA but he he did die and return to get his powers prior to joining the Avengers.</notes>
  </item>
  <item>
    <doj>1989</doj>
    <gender>MALE</gender>
    <name>John F. Walker</name>
    <notes>NA</notes>
  </item>
  <item>
    <doj>1989</doj>
    <gender>MALE</gender>
    <name>Jim Hammond (alias)</name>
    <notes>Dies during New Invaders. Was "was revived as a living weapon the Thinker intended to
      sell." Prior to joining the avengers he had died like 2 times in the 40s.
    </notes>
  </item>
  <item>
    <doj>1991</doj>
    <gender>MALE</gender>
    <name>Miguel Santos</name>
    <notes>NA: Has not died since joing the Avengers but prior to joining he fought the West Coast
      avengers and seemingly died. Later turned up under control of a villain
    </notes>
  </item>
  <item>
    <doj>1992</doj>
    <gender>FEMALE</gender>
    <name>Julia Carpenter</name>
    <notes>NA</notes>
  </item>
  <item>
    <doj>1992</doj>
    <gender>MALE</gender>
    <name>X-51</name>
    <notes>Died in Deathlok Vol 2 #5. JK that was actually just a Life Model Decoy</notes>
  </item>
  <item>
    <doj>1993</doj>
    <gender>MALE</gender>
    <name>Christopher Powell</name>
    <notes>NA</notes>
  </item>
  <item>
    <doj>1985</doj>
    <gender>MALE</gender>
    <name>Namor McKenzie</name>
    <notes>Namor was presumed killed in the battle with Atlantean Barbarians. Had actually survived
      and turned up in the South Pacific
    </notes>
  </item>
  <item>
    <doj>2003</doj>
    <gender>MALE</gender>
    <name>Scott Edward Harris Lang</name>
    <notes>Died in Avengers:_Disassembled. Was brought back in the Young Avengers: Children's
      Crusade arc because time travel but take my word for it it was actually kind of well done.
    </notes>
  </item>
  <item>
    <doj>1987</doj>
    <gender>MALE</gender>
    <name>Anthony Ludgate Druid</name>
    <notes>Shot with a Breathing gun and corpse dumped in trash. Revived by the Grim Reaper. Helped
      Avengers defeat the Reaper so his spirit could remain at peace. Later completely revived by
      the Chaos King.
    </notes>
  </item>
  <item>
    <doj>1987</doj>
    <gender>FEMALE</gender>
    <name>Marrina Smallwood</name>
    <notes>Killed by Namor with the Ebony Blade. Returned when The Master put her in a statis tube.
      Death 2 was when Namor mercy killed her. Returned to life a second time by the Chaos King.
    </notes>
  </item>
  <item>
    <doj>1988</doj>
    <gender>FEMALE</gender>
    <name>Ravonna Lexus Renslayer</name>
    <notes>Killed in Avengers_Vol_1_24. Revived by the Grandmaster. Died in
      Avengers:_Forever_Vol_1_3.
    </notes>
  </item>
  <item>
    <doj>1988</doj>
    <gender>FEMALE</gender>
    <name>Rita DeMara</name>
    <notes>Killed by Iron Man when he was controlled by Immortus. Revived during Chaos war.</notes>
  </item>
  <item>
    <doj>1988</doj>
    <gender>MALE</gender>
    <name>Dennis Dunphy</name>
    <notes>Died in Captain_America_348. Actually "Dunphy miraculously survived the crash and lived
      with an Inuit tribe." Second death when killed by Sharon Carter.
    </notes>
  </item>
  <item>
    <doj>1989</doj>
    <gender>MALE</gender>
    <name null="true"/>
    <notes>Killed by Neut who was working for Immortus. Reborn into a new body.</notes>
  </item>
  <item>
    <doj>1989</doj>
    <gender>MALE</gender>
    <name>Reed Richards</name>
    <notes>NA</notes>
  </item>
  <item>
    <doj>1989</doj>
    <gender>MALE</gender>
    <name>Susan Richards (nee Storm)</name>
    <notes>NA</notes>
  </item>
  <item>
    <doj>1989</doj>
    <gender>MALE</gender>
    <name>Wendell Elvis Vaughn</name>
    <notes>Killed by the Cosmic Assassin. Actually turned into a being composed of pure energy.
    </notes>
  </item>
  <item>
    <doj>1989</doj>
    <gender>FEMALE</gender>
    <name>Ashley Crawford</name>
    <notes>NA</notes>
  </item>
  <item>
    <doj>1989</doj>
    <gender>FEMALE</gender>
    <name null="true"/>
    <notes>Died in Great_Lakes_Avengers_Vol_1_1. Has not returned</notes>
  </item>
  <item>
    <doj>1989</doj>
    <gender>MALE</gender>
    <name>DeMarr Davis</name>
    <notes>Sacrificed self so that Mr. Immortal could stop the villain Maelstrom. Returned as the
      Angel of Death.
    </notes>
  </item>
  <item>
    <doj>1989</doj>
    <gender>MALE</gender>
    <name>Val Ventura</name>
    <notes>NA</notes>
  </item>
  <item>
    <doj>1989</doj>
    <gender>MALE</gender>
    <name>Craig Hollis</name>
    <notes>Christ; where to begin. His superpower is that he cannot die when he dies he immediately
      comes back. The Wikia inventories 24 deaths. These will be excluded from the analysis.
    </notes>
  </item>
  <item>
    <doj>2005</doj>
    <gender>MALE</gender>
    <name>Gene Lorrene</name>
    <notes>NA</notes>
  </item>
  <item>
    <doj>2005</doj>
    <gender>FEMALE</gender>
    <name>Dorreen Green</name>
    <notes>NA</notes>
  </item>
  <item>
    <doj>2005</doj>
    <gender>MALE</gender>
    <name null="true"/>
    <notes>Killed by Leather Boy</notes>
  </item>
  <item>
    <doj>2005</doj>
    <gender>MALE</gender>
    <name>Doug Taggert</name>
    <notes>Accidently killed by Zaran</notes>
  </item>
  <item>
    <doj>2005</doj>
    <gender>FEMALE</gender>
    <name null="true"/>
    <notes>NA</notes>
  </item>
  <item>
    <doj>2007</doj>
    <gender>MALE</gender>
    <name>Wade Wilson</name>
    <notes>Died during incursion. It's not ever particulalry clear if he ever joined an Avengers
      team besides one issue so his inclusion here is specious at best.
    </notes>
  </item>
  <item>
    <doj>2009</doj>
    <gender>MALE</gender>
    <name>Greg Willis</name>
    <notes>Died on Battleworld and came back prior to joining avengers</notes>
  </item>
  <item>
    <doj>1990</doj>
    <gender>FEMALE</gender>
    <name>Circe</name>
    <notes>NA</notes>
  </item>
  <item>
    <doj>1990</doj>
    <gender>MALE</gender>
    <name>Peter Benjamin Parker</name>
    <notes>Since joining the New Avengers: First death Killed by Morlun. Ressurected in a brand new
      body. Died in Amazing Spider-Man #700. Eventually mainfested in his body that Octavious stole
      and then took over again.
    </notes>
  </item>
  <item>
    <doj>1990</doj>
    <gender>MALE</gender>
    <name>Walter Newell</name>
    <notes>NA</notes>
  </item>
  <item>
    <doj>1900</doj>
    <gender>MALE</gender>
    <name>Elvin Haliday</name>
    <notes>NA</notes>
  </item>
  <item>
    <doj>1900</doj>
    <gender>MALE</gender>
    <name>William Baker</name>
    <notes>Died in Identity_Disc_Vol_1_1. Later was revealed to be alive and working along with the
      Vulture.
    </notes>
  </item>
  <item>
    <doj>1992</doj>
    <gender>FEMALE</gender>
    <name>Crystal Amaquelin Maximoff</name>
    <notes>NA</notes>
  </item>
  <item>
    <doj>1992</doj>
    <gender>MALE</gender>
    <name>Eric Kevin Masterson</name>
    <notes>Became posessed died to purge self of corruption. Revived as undead Avenger minion of the
      Grim Reaper. Returned to the spirit world by the Scarlet Witch. Has since stayed dead.
    </notes>
  </item>
  <item>
    <doj>1992</doj>
    <gender>MALE</gender>
    <name>Phillip Javert</name>
    <notes>NA</notes>
  </item>
  <item>
    <doj>1993</doj>
    <gender>FEMALE</gender>
    <name null="true"/>
    <notes>NA</notes>
  </item>
  <item>
    <doj>1993</doj>
    <gender>FEMALE</gender>
    <name null="true"/>
    <notes>Reduced her to a pile of bones and organsby Vargas. Brought back by Chaos King. Died
      second time in Chaos_War:_Dead_Avengers_Vol_1_3
    </notes>
  </item>
  <item>
    <doj>1996</doj>
    <gender>MALE</gender>
    <name>Anthony Edward Stark</name>
    <notes>Merged with 616 Tony Stark</notes>
  </item>
  <item>
    <doj>1996</doj>
    <gender>FEMALE</gender>
    <name>"Giulietta Nefaria"</name>
    <notes>Whitney killed was a clone possibly this incarnation of Masque'</notes>
  </item>
  <item>
    <doj>1998</doj>
    <gender>MALE</gender>
    <name>Vance Astrovik</name>
    <notes>NA</notes>
  </item>
  <item>
    <doj>1998</doj>
    <gender>FEMALE</gender>
    <name>Angelica Jones</name>
    <notes>NA</notes>
  </item>
  <item>
    <doj>2000</doj>
    <gender>MALE</gender>
    <name>Delroy Garrett Jr.</name>
    <notes>NA</notes>
  </item>
  <item>
    <doj>2000</doj>
    <gender>FEMALE</gender>
    <name>Maria de Guadalupe Santiago</name>
    <notes>NA</notes>
  </item>
  <item>
    <doj>2001</doj>
    <gender>MALE</gender>
    <name>Jonathan Hart</name>
    <notes>First died in a zero energy explosion in space. Body was apparently reanimated by Scarlet
      Witch. Abruptly exploded killing Scott Lang as well. Second return in
      Marvel_Zombies_Supreme_Vol_1_2.
    </notes>
  </item>
  <item>
    <doj>2004</doj>
    <gender>FEMALE</gender>
    <name>Kelsey Leigh Shorr</name>
    <notes>NA</notes>
  </item>
  <item>
    <doj>2005</doj>
    <gender>MALE</gender>
    <name>Carl Lucas</name>
    <notes>NA</notes>
  </item>
  <item>
    <doj>2005</doj>
    <gender>FEMALE</gender>
    <name>Veranke</name>
    <notes>Killed by Norman Osbourne. Has not returned.</notes>
  </item>
  <item>
    <doj>2005</doj>
    <gender>MALE</gender>
    <name>James "Logan" Howlett</name>
    <notes>Died in Death_of_Wolverine_Vol_1_4. Has not yet returned</notes>
  </item>
  <item>
    <doj>2005</doj>
    <gender>MALE</gender>
    <name>Robert Reynolds</name>
    <notes>Died during Seige. Brought back to life by the Apocalypse twins as a horseman of death in
      Uncanny_Avengers_Vol_1_9.
    </notes>
  </item>
  <item>
    <doj>2005</doj>
    <gender>FEMALE</gender>
    <name>Maya Lopez</name>
    <notes>First death 'had been murdered in a fight with Elektra.' "Revived by Elektra and the Hand
      with their dark magic." Died in most recent run of Moon Knight has not yet returned.
    </notes>
  </item>
  <item>
    <doj>2005</doj>
    <gender>MALE</gender>
    <name>Nathaniel Richards</name>
    <notes>NA is actually Kang but let's just not go there.</notes>
  </item>
  <item>
    <doj>2005</doj>
    <gender>MALE</gender>
    <name>Elijah Bradley</name>
    <notes>NA</notes>
  </item>
  <item>
    <doj>2005</doj>
    <gender>MALE</gender>
    <name>William "Billy" Kaplan</name>
    <notes>NA</notes>
  </item>
  <item>
    <doj>2005</doj>
    <gender>MALE</gender>
    <name>Dorrek VIII/Theodore "Teddy" Altman</name>
    <notes>NA</notes>
  </item>
  <item>
    <doj>2005</doj>
    <gender>FEMALE</gender>
    <name>Cassie Lang</name>
    <notes>Dies in Young Avengers: The Childrens Crusade when she is killed by Doom. Eventually
      reborn years later.
    </notes>
  </item>
  <item>
    <doj>2005</doj>
    <gender>FEMALE</gender>
    <name>Katherine "Kate" Bishop</name>
    <notes>NA</notes>
  </item>
  <item>
    <doj>2006</doj>
    <gender>MALE</gender>
    <name>Alias: Jonas</name>
    <notes>Dies in Young Avengers The Children's Crusade</notes>
  </item>
  <item>
    <doj>2006</doj>
    <gender>MALE</gender>
    <name>Thomas "Tommy" Shepherd</name>
    <notes>NA</notes>
  </item>
  <item>
    <doj>2007</doj>
    <gender>MALE</gender>
    <name>Daniel Thomas Rand K'ai</name>
    <notes>NA</notes>
  </item>
  <item>
    <doj>2007</doj>
    <gender>MALE</gender>
    <name>Doctor Stephen Vincent Strange</name>
    <notes>NA</notes>
  </item>
  <item>
    <doj>2007</doj>
    <gender>MALE</gender>
    <name>Ares</name>
    <notes>Ripped in half by the Sentry during Seige. Revived during Chaos King. Then killedby Chaos
      King.
    </notes>
  </item>
  <item>
    <doj>2008</doj>
    <gender>MALE</gender>
    <name>James Buchanan Barnes</name>
    <notes>NA</notes>
  </item>
  <item>
    <doj>2008</doj>
    <gender>FEMALE</gender>
    <name>Jessica Miriam Drew</name>
    <notes>NA</notes>
  </item>
  <item>
    <doj>2010</doj>
    <gender>FEMALE</gender>
    <name>Jessica Jones</name>
    <notes>NA</notes>
  </item>
  <item>
    <doj>2009</doj>
    <gender>MALE</gender>
    <name>Amadeus Cho</name>
    <notes>NA</notes>
  </item>
  <item>
    <doj>2010</doj>
    <gender>FEMALE</gender>
    <name>Maria Hill</name>
    <notes>NA</notes>
  </item>
  <item>
    <doj>2010</doj>
    <gender>MALE</gender>
    <name>Robbie Baldwin</name>
    <notes>NA</notes>
  </item>
  <item>
    <doj>2010</doj>
    <gender>FEMALE</gender>
    <name>Sharon Carter</name>
    <notes>Died in Captain_America_Vol_7_10. It's not clear how she survived but yeah she totally
      did.
    </notes>
  </item>
  <item>
    <doj>2010</doj>
    <gender>MALE</gender>
    <name>Eric O'Grady</name>
    <notes>Died in Secret_Avengers_Vol_1_22.</notes>
  </item>
  <item>
    <doj>2010</doj>
    <gender>FEMALE</gender>
    <name>Brunnhilde</name>
    <notes>NA but died/came back during Ragnarok prior to becoming an Avenger</notes>
  </item>
  <item>
    <doj>2010</doj>
    <gender>MALE</gender>
    <name>Richard Rider</name>
    <notes>Died in Guardians_of_the_Galaxy_Vol_3_20.</notes>
  </item>
  <item>
    <doj>2010</doj>
    <gender>MALE</gender>
    <name>Brian Braddock</name>
    <notes>NA</notes>
  </item>
  <item>
    <doj>2010</doj>
    <gender>MALE</gender>
    <name>Dennis Sykes</name>
    <notes>Died in Heroic_Age:_One_Month_to_Live_Vol_1_5 stayed dead.</notes>
  </item>
  <item>
    <doj>2010</doj>
    <gender>MALE</gender>
    <name>Noh-Varr</name>
    <notes>NA</notes>
  </item>
  <item>
    <doj>2011</doj>
    <gender>MALE</gender>
    <name>Thaddeus Ross</name>
    <notes>Died in Circle of Four arc. Made a deal with Mephisto and came back.</notes>
  </item>
  <item>
    <doj>2010</doj>
    <gender>MALE</gender>
    <name>John Aman</name>
    <notes>NA</notes>
  </item>
  <item>
    <doj>2011</doj>
    <gender>MALE</gender>
    <name>Shang-Chi</name>
    <notes>NA</notes>
  </item>
  <item>
    <doj>1900</doj>
    <gender>MALE</gender>
    <name>James Santini</name>
    <notes>NA</notes>
  </item>
  <item>
    <doj>1900</doj>
    <gender>MALE</gender>
    <name>Emery Schaub</name>
    <notes>NA</notes>
  </item>
  <item>
    <doj>2010</doj>
    <gender>FEMALE</gender>
    <name>Jeanne Foucault</name>
    <notes>NA</notes>
  </item>
  <item>
    <doj>1900</doj>
    <gender>FEMALE</gender>
    <name>Fiona</name>
    <notes>NA</notes>
  </item>
  <item>
    <doj>2010</doj>
    <gender>FEMALE</gender>
    <name>Jennifer Takeda</name>
    <notes>NA</notes>
  </item>
  <item>
    <doj>1900</doj>
    <gender>FEMALE</gender>
    <name>Yvette</name>
    <notes>NA</notes>
  </item>
  <item>
    <doj>1900</doj>
    <gender>FEMALE</gender>
    <name>Julie Power</name>
    <notes>NA</notes>
  </item>
  <item>
    <doj>1900</doj>
    <gender>FEMALE</gender>
    <name>Alani Ryan</name>
    <notes>NA</notes>
  </item>
  <item>
    <doj>2010</doj>
    <gender>MALE</gender>
    <name>Ken Mack</name>
    <notes>Died in Murderworld during Avengers Arena</notes>
  </item>
  <item>
    <doj>2010</doj>
    <gender>MALE</gender>
    <name>Humberto Lopez</name>
    <notes>Died in Murderworld during Avengers Arena</notes>
  </item>
  <item>
    <doj>1900</doj>
    <gender>MALE</gender>
    <name>Johnny Gallo</name>
    <notes>NA</notes>
  </item>
  <item>
    <doj>1900</doj>
    <gender>FEMALE</gender>
    <name>Lyra</name>
    <notes>NA</notes>
  </item>
  <item>
    <doj>1900</doj>
    <gender>FEMALE</gender>
    <name>Anya Corazon</name>
    <notes>NA</notes>
  </item>
  <item>
    <doj>2010</doj>
    <gender>MALE</gender>
    <name>Brandon Sharpe</name>
    <notes>NA</notes>
  </item>
  <item>
    <doj>1900</doj>
    <gender>MALE</gender>
    <name>Kevin Masterson</name>
    <notes>NA</notes>
  </item>
  <item>
    <doj>1900</doj>
    <gender>FEMALE</gender>
    <name>Michiko Musashi</name>
    <notes>NA</notes>
  </item>
  <item>
    <doj>1900</doj>
    <gender>MALE</gender>
    <name>Taki Matsuya</name>
    <notes>NA</notes>
  </item>
  <item>
    <doj>2012</doj>
    <gender>FEMALE</gender>
    <name>Daisy Johnson</name>
    <notes>NA</notes>
  </item>
  <item>
    <doj>2012</doj>
    <gender>FEMALE</gender>
    <name>Ororo Munroe</name>
    <notes>NA</notes>
  </item>
  <item>
    <doj>2011</doj>
    <gender>MALE</gender>
    <name>Matt Murdock</name>
    <notes>NA</notes>
  </item>
  <item>
    <doj>2012</doj>
    <gender>MALE</gender>
    <name>Flash Thompson</name>
    <notes>NA</notes>
  </item>
  <item>
    <doj>2013</doj>
    <gender>MALE</gender>
    <name>Otto Octavius</name>
    <notes>Died in Superior_Spider-Man_Vol_1_30.</notes>
  </item>
  <item>
    <doj>2012</doj>
    <gender>MALE</gender>
    <name>Alex Summers</name>
    <notes>NA</notes>
  </item>
  <item>
    <doj>2013</doj>
    <gender>MALE</gender>
    <name>Samuel Guthrie</name>
    <notes>NA</notes>
  </item>
  <item>
    <doj>2013</doj>
    <gender>MALE</gender>
    <name>Roberto da Costa</name>
    <notes>NA</notes>
  </item>
  <item>
    <doj>2013</doj>
    <gender>MALE</gender>
    <name>Eden Fesi</name>
    <notes>NA</notes>
  </item>
  <item>
    <doj>2013</doj>
    <gender>MALE</gender>
    <name null="true"/>
    <notes>NA</notes>
  </item>
  <item>
    <doj>2013</doj>
    <gender>FEMALE</gender>
    <name>Izzy Kane</name>
    <notes>NA</notes>
  </item>
  <item>
    <doj>2013</doj>
    <gender>MALE</gender>
    <name>Marcus Milton</name>
    <notes>Died in New_Avengers_Vol_3_32.</notes>
  </item>
  <item>
    <doj>2013</doj>
    <gender>FEMALE</gender>
    <name>Anna Marie</name>
    <notes>NA</notes>
  </item>
  <item>
    <doj>2013</doj>
    <gender>MALE</gender>
    <name>Shiro Yoshida</name>
    <notes>Died in Uncanny_Avengers_Vol_1_22. Returned when 'he was able to use his power to
      transform his body into a state of pure energy '
    </notes>
  </item>
  <item>
    <doj>2013</doj>
    <gender>MALE</gender>
    <name null="true"/>
    <notes>Died in New_Avengers_Vol_3_32</notes>
  </item>
  <item>
    <doj>2013</doj>
    <gender>FEMALE</gender>
    <name null="true"/>
    <notes>Died in New_Avengers_Vol_3_32</notes>
  </item>
  <item>
    <doj>2013</doj>
    <gender>MALE</gender>
    <name>Adam</name>
    <notes>Died in New_Avengers_Vol_3_32</notes>
  </item>
  <item>
    <doj>2013</doj>
    <gender>MALE</gender>
    <name>Kevin Kale Connor</name>
    <notes>Died in New_Avengers_Vol_3_32</notes>
  </item>
  <item>
    <doj>2015</doj>
    <gender>MALE</gender>
    <name>Sam Alexander</name>
    <notes>NA</notes>
  </item>
  <item>
    <doj>2013</doj>
    <gender>FEMALE</gender>
    <name>America Chavez</name>
    <notes>NA</notes>
  </item>
  <item>
    <doj>2013</doj>
    <gender>MALE</gender>
    <name>Loki Laufeyson</name>
    <notes>NA</notes>
  </item>
  <item>
    <doj>2013</doj>
    <gender>MALE</gender>
    <name>David Alleyne</name>
    <notes>NA</notes>
  </item>
  <item>
    <doj>2013</doj>
    <gender>MALE</gender>
    <name>Nicholas Fury, Jr., Marcus Johnson</name>
    <notes>NA</notes>
  </item>
  <item>
    <doj>2013</doj>
    <gender>MALE</gender>
    <name>Phillip Coulson</name>
    <notes>NA</notes>
  </item>
  <item>
    <doj>2013</doj>
    <gender>MALE</gender>
    <name>Tony Masters</name>
    <notes>NA</notes>
  </item>
  <item>
    <doj>2013</doj>
    <gender>MALE</gender>
    <name>Victor Mancha</name>
    <notes>Died in Avengers_A.I._Vol_1_4. Returned in Avengers_A.I._Vol_1_9.</notes>
  </item>
  <item>
    <doj>2013</doj>
    <gender>FEMALE</gender>
    <name>Monica Chang</name>
    <notes>NA</notes>
  </item>
  <item>
    <doj>2013</doj>
    <gender>MALE</gender>
    <name null="true"/>
    <notes>NA</notes>
  </item>
  <item>
    <doj>2013</doj>
    <gender>FEMALE</gender>
    <name>Alexis</name>
    <notes>NA</notes>
  </item>
  <item>
    <doj>2013</doj>
    <gender>MALE</gender>
    <name>Eric Brooks</name>
    <notes>NA</notes>
  </item>
  <item>
    <doj>2014</doj>
    <gender>MALE</gender>
    <name>Adam Brashear</name>
    <notes>NA</notes>
  </item>
  <item>
    <doj>2014</doj>
    <gender>MALE</gender>
    <name>Victor Alvarez</name>
    <notes>NA</notes>
  </item>
  <item>
    <doj>2014</doj>
    <gender>FEMALE</gender>
    <name>Ava Ayala</name>
    <notes>NA</notes>
  </item>
  <item>
    <doj>2015</doj>
    <gender>MALE</gender>
    <name>Kaluu</name>
    <notes>NA</notes>
  </item>
</items>